Diagnosis,Symptoms,MEDICATION,Specialty
A063    Ameboma of intestine,A063    Ameboma of intestine,A063    Ameboma of intestine,Gastroenterology
A064    Amebic liver abscess,A064    Amebic liver abscess,A064    Amebic liver abscess,Gastroenterology
A5145   Secondary syphilitic hepatitis,,,Gastroenterology
A5274   Syphilis of liver and other viscera,,,Gastroenterology
B0081   Herpesviral hepatitis,,,Gastroenterology
B150    Hepatitis A with hepatic coma,,,Gastroenterology
B159    Hepatitis A without hepatic coma,,,Gastroenterology
B160    Acute hepatitis B with delta-agent with hepatic coma,,,Gastroenterology
B161    Acute hepatitis B with delta-agent without hepatic coma,,,Gastroenterology
B162    Acute hepatitis B without delta-agent with hepatic coma,,,Gastroenterology
B169    Acute hepatitis B without delta-agent and without hepatic coma,,,Gastroenterology
B170    Acute delta-(super) infection of hepatitis B carrier,,,Gastroenterology
B1710   Acute hepatitis C without hepatic coma,,,Gastroenterology
B1711   Acute hepatitis C with hepatic coma,,,Gastroenterology
B172    Acute hepatitis E,,,Gastroenterology
B178    Other specified acute viral hepatitis,,,Gastroenterology
"B179    Acute viral hepatitis, unspecified",,,Gastroenterology
B180    Chronic viral hepatitis B with delta-agent,,,Gastroenterology
B181    Chronic viral hepatitis B without delta-agent,,,Gastroenterology
B182    Chronic viral hepatitis C,,,Gastroenterology
B188    Other chronic viral hepatitis,,,Gastroenterology
"B189    Chronic viral hepatitis, unspecified",,,Gastroenterology
B190    Unspecified viral hepatitis with hepatic coma,,,Gastroenterology
B1910   Unspecified viral hepatitis B without hepatic coma,,,Gastroenterology
B1911   Unspecified viral hepatitis B with hepatic coma,,,Gastroenterology
B1920   Unspecified viral hepatitis C without hepatic coma,,,Gastroenterology
B1921   Unspecified viral hepatitis C with hepatic coma,,,Gastroenterology
B199    Unspecified viral hepatitis without hepatic coma,,,Gastroenterology
B251    Cytomegaloviral hepatitis,,,Gastroenterology
B2681   Mumps hepatitis,,,Gastroenterology
B581    Toxoplasma hepatitis,,,Gastroenterology
B670    Echinococcus granulosus infection of liver,,,Gastroenterology
B675    Echinococcus multilocularis infection of liver,,,Gastroenterology
"B678    Echinococcosis, unspecified, of liver",,,Gastroenterology
B942    Sequelae of viral hepatitis,,,Gastroenterology
C161    Malignant neoplasm of fundus of stomach,,,Gastroenterology
C162    Malignant neoplasm of body of stomach,,,Gastroenterology
"C165    Malignant neoplasm of lesser curvature of stomach, unspecified",,,Gastroenterology
"C166    Malignant neoplasm of greater curvature of stomach, unspecified",,,Gastroenterology
C168    Malignant neoplasm of overlapping sites of stomach,,,Gastroenterology
"C169    Malignant neoplasm of stomach, unspecified",,,Gastroenterology
C178    Malignant neoplasm of overlapping sites of small intestine,,,Gastroenterology
"C179    Malignant neoplasm of small intestine, unspecified",,,Gastroenterology
C182    Malignant neoplasm of ascending colon,,,Gastroenterology
C184    Malignant neoplasm of transverse colon,,,Gastroenterology
C186    Malignant neoplasm of descending colon,,,Gastroenterology
C187    Malignant neoplasm of sigmoid colon,,,Gastroenterology
C188    Malignant neoplasm of overlapping sites of colon,,,Gastroenterology
"C189    Malignant neoplasm of colon, unspecified",,,Gastroenterology
C220    Liver cell carcinoma,,,Gastroenterology
C223    Angiosarcoma of liver,,,Gastroenterology
C224    Other sarcomas of liver,,,Gastroenterology
C227    Other specified carcinomas of liver,,,Gastroenterology
"C228    Malignant neoplasm of liver, primary, unspecified as to type",,,Gastroenterology
"C229    Malignant neoplasm of liver, not specified as primary or secondary",,,Gastroenterology
C23     Malignant neoplasm of gallbladder,,,Gastroenterology
C250    Malignant neoplasm of head of pancreas,,,Gastroenterology
C251    Malignant neoplasm of body of pancreas,,,Gastroenterology
C252    Malignant neoplasm of tail of pancreas,,,Gastroenterology
C254    Malignant neoplasm of endocrine pancreas,,,Gastroenterology
C257    Malignant neoplasm of other parts of pancreas,,,Gastroenterology
C258    Malignant neoplasm of overlapping sites of pancreas,,,Gastroenterology
"C259    Malignant neoplasm of pancreas, unspecified",,,Gastroenterology
C49A2   Gastrointestinal stromal tumor of stomach,,,Gastroenterology
C49A3   Gastrointestinal stromal tumor of small intestine,,,Gastroenterology
C49A4   Gastrointestinal stromal tumor of large intestine,,,Gastroenterology
"C7A019  Malignant carcinoid tumor of the small intestine, unspecified portion",,,Gastroenterology
C7A022  Malignant carcinoid tumor of the ascending colon,,,Gastroenterology
C7A023  Malignant carcinoid tumor of the transverse colon,,,Gastroenterology
C7A024  Malignant carcinoid tumor of the descending colon,,,Gastroenterology
C7A025  Malignant carcinoid tumor of the sigmoid colon,,,Gastroenterology
"C7A029  Malignant carcinoid tumor of the large intestine, unspecified portion",,,Gastroenterology
C7A092  Malignant carcinoid tumor of the stomach,,,Gastroenterology
C7B02   Secondary carcinoid tumors of liver,,,Gastroenterology
C784    Secondary malignant neoplasm of small intestine,,,Gastroenterology
C785    Secondary malignant neoplasm of large intestine and rectum,,,Gastroenterology
C787    Secondary malignant neoplasm of liver and intrahepatic bile duct,,,Gastroenterology
D002    Carcinoma in situ of stomach,,,Gastroenterology
D010    Carcinoma in situ of colon,,,Gastroenterology
D0140   Carcinoma in situ of unspecified part of intestine,,,Gastroenterology
D0149   Carcinoma in situ of other parts of intestine,,,Gastroenterology
"D015    Carcinoma in situ of liver, gallbladder and bile ducts",,,Gastroenterology
D122    Benign neoplasm of ascending colon,,,Gastroenterology
D123    Benign neoplasm of transverse colon,,,Gastroenterology
D124    Benign neoplasm of descending colon,,,Gastroenterology
D125    Benign neoplasm of sigmoid colon,,,Gastroenterology
"D126    Benign neoplasm of colon, unspecified",,,Gastroenterology
D131    Benign neoplasm of stomach,,,Gastroenterology
D1330   Benign neoplasm of unspecified part of small intestine,,,Gastroenterology
D1339   Benign neoplasm of other parts of small intestine,,,Gastroenterology
D134    Benign neoplasm of liver,,,Gastroenterology
D136    Benign neoplasm of pancreas,,,Gastroenterology
D137    Benign neoplasm of endocrine pancreas,,,Gastroenterology
"D3A019  Benign carcinoid tumor of the small intestine, unspecified portion",,,Gastroenterology
D3A022  Benign carcinoid tumor of the ascending colon,,,Gastroenterology
D3A023  Benign carcinoid tumor of the transverse colon,,,Gastroenterology
D3A024  Benign carcinoid tumor of the descending colon,,,Gastroenterology
D3A025  Benign carcinoid tumor of the sigmoid colon,,,Gastroenterology
"D3A029  Benign carcinoid tumor of the large intestine, unspecified portion",,,Gastroenterology
D3A092  Benign carcinoid tumor of the stomach,,,Gastroenterology
D371    Neoplasm of uncertain behavior of stomach,,,Gastroenterology
D372    Neoplasm of uncertain behavior of small intestine,,,Gastroenterology
D374    Neoplasm of uncertain behavior of colon,,,Gastroenterology
"D376    Neoplasm of uncertain behavior of liver, gallbladder and bile ducts",,,Gastroenterology
E08621  Diabetes mellitus due to underlying condition with foot ulcer,,,Gastroenterology
E08622  Diabetes mellitus due to underlying condition with other skin ulcer,,,Gastroenterology
E09621  Drug or chemical induced diabetes mellitus with foot ulcer,,,Gastroenterology
E09622  Drug or chemical induced diabetes mellitus with other skin ulcer,,,Gastroenterology
E10621  Type 1 diabetes mellitus with foot ulcer,,,Gastroenterology
E10622  Type 1 diabetes mellitus with other skin ulcer,,,Gastroenterology
E11621  Type 2 diabetes mellitus with foot ulcer,,,Gastroenterology
E11622  Type 2 diabetes mellitus with other skin ulcer,,,Gastroenterology
E13621  Other specified diabetes mellitus with foot ulcer,,,Gastroenterology
E13622  Other specified diabetes mellitus with other skin ulcer,,,Gastroenterology
"H16001  Unspecified corneal ulcer, right eye",,,Gastroenterology
"H16002  Unspecified corneal ulcer, left eye",,,Gastroenterology
"H16003  Unspecified corneal ulcer, bilateral",,,Gastroenterology
"H16009  Unspecified corneal ulcer, unspecified eye",,,Gastroenterology
"H16011  Central corneal ulcer, right eye",,,Gastroenterology
"H16012  Central corneal ulcer, left eye",,,Gastroenterology
"H16013  Central corneal ulcer, bilateral",,,Gastroenterology
"H16019  Central corneal ulcer, unspecified eye",,,Gastroenterology
"H16021  Ring corneal ulcer, right eye",,,Gastroenterology
"H16022  Ring corneal ulcer, left eye",,,Gastroenterology
"H16023  Ring corneal ulcer, bilateral",,,Gastroenterology
"H16029  Ring corneal ulcer, unspecified eye",,,Gastroenterology
"H16031  Corneal ulcer with hypopyon, right eye",,,Gastroenterology
"H16032  Corneal ulcer with hypopyon, left eye",,,Gastroenterology
"H16033  Corneal ulcer with hypopyon, bilateral",,,Gastroenterology
"H16039  Corneal ulcer with hypopyon, unspecified eye",,,Gastroenterology
"H16041  Marginal corneal ulcer, right eye",,,Gastroenterology
"H16042  Marginal corneal ulcer, left eye",,,Gastroenterology
"H16043  Marginal corneal ulcer, bilateral",,,Gastroenterology
"H16049  Marginal corneal ulcer, unspecified eye",,,Gastroenterology
"H16051  Mooren's corneal ulcer, right eye",,,Gastroenterology
"H16052  Mooren's corneal ulcer, left eye",,,Gastroenterology
"H16053  Mooren's corneal ulcer, bilateral",,,Gastroenterology
"H16059  Mooren's corneal ulcer, unspecified eye",,,Gastroenterology
"H16061  Mycotic corneal ulcer, right eye",,,Gastroenterology
"H16062  Mycotic corneal ulcer, left eye",,,Gastroenterology
"H16063  Mycotic corneal ulcer, bilateral",,,Gastroenterology
"H16069  Mycotic corneal ulcer, unspecified eye",,,Gastroenterology
"H16071  Perforated corneal ulcer, right eye",,,Gastroenterology
"H16072  Perforated corneal ulcer, left eye",,,Gastroenterology
"H16073  Perforated corneal ulcer, bilateral",,,Gastroenterology
"H16079  Perforated corneal ulcer, unspecified eye",,,Gastroenterology
I83001  Varicose veins of unspecified lower extremity with ulcer of thigh,,,Gastroenterology
I83002  Varicose veins of unspecified lower extremity with ulcer of calf,,,Gastroenterology
I83003  Varicose veins of unspecified lower extremity with ulcer of ankle,,,Gastroenterology
I83004  Varicose veins of unspecified lower extremity with ulcer of heel and midfoot,,,Gastroenterology
I83005  Varicose veins of unspecified lower extremity with ulcer other part of foot,,,Gastroenterology
I83008  Varicose veins of unspecified lower extremity with ulcer other part of lower leg,,,Gastroenterology
I83009  Varicose veins of unspecified lower extremity with ulcer of unspecified site,,,Gastroenterology
I83011  Varicose veins of right lower extremity with ulcer of thigh,,,Gastroenterology
I83012  Varicose veins of right lower extremity with ulcer of calf,,,Gastroenterology
I83013  Varicose veins of right lower extremity with ulcer of ankle,,,Gastroenterology
I83014  Varicose veins of right lower extremity with ulcer of heel and midfoot,,,Gastroenterology
I83015  Varicose veins of right lower extremity with ulcer other part of foot,,,Gastroenterology
I83018  Varicose veins of right lower extremity with ulcer other part of lower leg,,,Gastroenterology
I83019  Varicose veins of right lower extremity with ulcer of unspecified site,,,Gastroenterology
I83021  Varicose veins of left lower extremity with ulcer of thigh,,,Gastroenterology
I83022  Varicose veins of left lower extremity with ulcer of calf,,,Gastroenterology
I83023  Varicose veins of left lower extremity with ulcer of ankle,,,Gastroenterology
I83024  Varicose veins of left lower extremity with ulcer of heel and midfoot,,,Gastroenterology
I83025  Varicose veins of left lower extremity with ulcer other part of foot,,,Gastroenterology
I83028  Varicose veins of left lower extremity with ulcer other part of lower leg,,,Gastroenterology
I83029  Varicose veins of left lower extremity with ulcer of unspecified site,,,Gastroenterology
I83201  Varicose veins of unspecified lower extremity with both ulcer of thigh and inflammation,,,Gastroenterology
I83202  Varicose veins of unspecified lower extremity with both ulcer of calf and inflammation,,,Gastroenterology
I83203  Varicose veins of unspecified lower extremity with both ulcer of ankle and inflammation,,,Gastroenterology
"I83204  Varicose veins of unspecified lower extremity with both ulcer of heel and midfoot and
inflammation",,,Gastroenterology
"I83205  Varicose veins of unspecified lower extremity with both ulcer other part of foot and
inflammation",,,Gastroenterology
"I83208  Varicose veins of unspecified lower extremity with both ulcer of other part of lower extremity
and inflammation",,,Gastroenterology
"I83209  Varicose veins of unspecified lower extremity with both ulcer of unspecified site and
inflammation",,,Gastroenterology
I83211  Varicose veins of right lower extremity with both ulcer of thigh and inflammation,,,Gastroenterology
I83212  Varicose veins of right lower extremity with both ulcer of calf and inflammation,,,Gastroenterology
I83213  Varicose veins of right lower extremity with both ulcer of ankle and inflammation,,,Gastroenterology
I83214  Varicose veins of right lower extremity with both ulcer of heel and midfoot and inflammation,,,Gastroenterology
I83215  Varicose veins of right lower extremity with both ulcer other part of foot and inflammation,,,Gastroenterology
"I83218  Varicose veins of right lower extremity with both ulcer of other part of lower extremity and
inflammation",,,Gastroenterology
I83219  Varicose veins of right lower extremity with both ulcer of unspecified site and inflammation,,,Gastroenterology
I83221  Varicose veins of left lower extremity with both ulcer of thigh and inflammation,,,Gastroenterology
I83222  Varicose veins of left lower extremity with both ulcer of calf and inflammation,,,Gastroenterology
I83223  Varicose veins of left lower extremity with both ulcer of ankle and inflammation,,,Gastroenterology
I83224  Varicose veins of left lower extremity with both ulcer of heel and midfoot and inflammation,,,Gastroenterology
I83225  Varicose veins of left lower extremity with both ulcer other part of foot and inflammation,,,Gastroenterology
"I83228  Varicose veins of left lower extremity with both ulcer of other part of lower extremity and
inflammation",,,Gastroenterology
I83229  Varicose veins of left lower extremity with both ulcer of unspecified site and inflammation,,,Gastroenterology
I87011  Postthrombotic syndrome with ulcer of right lower extremity,,,Gastroenterology
I87012  Postthrombotic syndrome with ulcer of left lower extremity,,,Gastroenterology
I87013  Postthrombotic syndrome with ulcer of bilateral lower extremity,,,Gastroenterology
I87019  Postthrombotic syndrome with ulcer of unspecified lower extremity,,,Gastroenterology
I87031  Postthrombotic syndrome with ulcer and inflammation of right lower extremity,,,Gastroenterology
I87032  Postthrombotic syndrome with ulcer and inflammation of left lower extremity,,,Gastroenterology
I87033  Postthrombotic syndrome with ulcer and inflammation of bilateral lower extremity,,,Gastroenterology
I87039  Postthrombotic syndrome with ulcer and inflammation of unspecified lower extremity,,,Gastroenterology
I87311  Chronic venous hypertension (idiopathic) with ulcer of right lower extremity,,,Gastroenterology
I87312  Chronic venous hypertension (idiopathic) with ulcer of left lower extremity,,,Gastroenterology
I87313  Chronic venous hypertension (idiopathic) with ulcer of bilateral lower extremity,,,Gastroenterology
I87319  Chronic venous hypertension (idiopathic) with ulcer of unspecified lower extremity,,,Gastroenterology
I87331  Chronic venous hypertension (idiopathic) with ulcer and inflammation of right lower extremity,,,Gastroenterology
I87332  Chronic venous hypertension (idiopathic) with ulcer and inflammation of left lower extremity,,,Gastroenterology
"I87333  Chronic venous hypertension (idiopathic) with ulcer and inflammation of bilateral lower
extremity",,,Gastroenterology
"I87339  Chronic venous hypertension (idiopathic) with ulcer and inflammation of unspecified lower
extremity",,,Gastroenterology
K2210   Ulcer of esophagus without bleeding,,,Gastroenterology
K2211   Ulcer of esophagus with bleeding,,,Gastroenterology
K250    Acute gastric ulcer with hemorrhage,,,Gastroenterology
K251    Acute gastric ulcer with perforation,,,Gastroenterology
K252    Acute gastric ulcer with both hemorrhage and perforation,,,Gastroenterology
K253    Acute gastric ulcer without hemorrhage or perforation,,,Gastroenterology
K254    Chronic or unspecified gastric ulcer with hemorrhage,,,Gastroenterology
K255    Chronic or unspecified gastric ulcer with perforation,,,Gastroenterology
K256    Chronic or unspecified gastric ulcer with both hemorrhage and perforation,,,Gastroenterology
K257    Chronic gastric ulcer without hemorrhage or perforation,,,Gastroenterology
"K259    Gastric ulcer, unspecified as acute or chronic, without hemorrhage or perforation",,,Gastroenterology
K260    Acute duodenal ulcer with hemorrhage,,,Gastroenterology
K261    Acute duodenal ulcer with perforation,,,Gastroenterology
K262    Acute duodenal ulcer with both hemorrhage and perforation,,,Gastroenterology
K263    Acute duodenal ulcer without hemorrhage or perforation,,,Gastroenterology
K264    Chronic or unspecified duodenal ulcer with hemorrhage,,,Gastroenterology
K265    Chronic or unspecified duodenal ulcer with perforation,,,Gastroenterology
K266    Chronic or unspecified duodenal ulcer with both hemorrhage and perforation,,,Gastroenterology
K267    Chronic duodenal ulcer without hemorrhage or perforation,,,Gastroenterology
"K269    Duodenal ulcer, unspecified as acute or chronic, without hemorrhage or perforation",,,Gastroenterology
"K270    Acute peptic ulcer, site unspecified, with hemorrhage",,,Gastroenterology
"K271    Acute peptic ulcer, site unspecified, with perforation",,,Gastroenterology
"K272    Acute peptic ulcer, site unspecified, with both hemorrhage and perforation",,,Gastroenterology
"K273    Acute peptic ulcer, site unspecified, without hemorrhage or perforation",,,Gastroenterology
"K274    Chronic or unspecified peptic ulcer, site unspecified, with hemorrhage",,,Gastroenterology
"K275    Chronic or unspecified peptic ulcer, site unspecified, with perforation",,,Gastroenterology
"K276    Chronic or unspecified peptic ulcer, site unspecified, with both hemorrhage and perforation",,,Gastroenterology
"K277    Chronic peptic ulcer, site unspecified, without hemorrhage or perforation",,,Gastroenterology
"K279    Peptic ulcer, site unspecified, unspecified as acute or chronic, without hemorrhage or perforation",,,Gastroenterology
K280    Acute gastrojejunal ulcer with hemorrhage,,,Gastroenterology
K281    Acute gastrojejunal ulcer with perforation,,,Gastroenterology
K282    Acute gastrojejunal ulcer with both hemorrhage and perforation,,,Gastroenterology
K283    Acute gastrojejunal ulcer without hemorrhage or perforation,,,Gastroenterology
K284    Chronic or unspecified gastrojejunal ulcer with hemorrhage,,,Gastroenterology
K285    Chronic or unspecified gastrojejunal ulcer with perforation,,,Gastroenterology
K286    Chronic or unspecified gastrojejunal ulcer with both hemorrhage and perforation,,,Gastroenterology
K287    Chronic gastrojejunal ulcer without hemorrhage or perforation,,,Gastroenterology
"K289    Gastrojejunal ulcer, unspecified as acute or chronic, without hemorrhage or perforation",,,Gastroenterology
K2900   Acute gastritis without bleeding,,,Gastroenterology
K2901   Acute gastritis with bleeding,,,Gastroenterology
K2920   Alcoholic gastritis without bleeding,,,Gastroenterology
K2921   Alcoholic gastritis with bleeding,,,Gastroenterology
K2930   Chronic superficial gastritis without bleeding,,,Gastroenterology
K2931   Chronic superficial gastritis with bleeding,,,Gastroenterology
K2940   Chronic atrophic gastritis without bleeding,,,Gastroenterology
K2941   Chronic atrophic gastritis with bleeding,,,Gastroenterology
K2950   Unspecified chronic gastritis without bleeding,,,Gastroenterology
K2951   Unspecified chronic gastritis with bleeding,,,Gastroenterology
K2960   Other gastritis without bleeding,,,Gastroenterology
K2961   Other gastritis with bleeding,,,Gastroenterology
"K2970   Gastritis, unspecified, without bleeding",,,Gastroenterology
"K2971   Gastritis, unspecified, with bleeding",,,Gastroenterology
K310    Acute dilatation of stomach,,,Gastroenterology
K312    Hourglass stricture and stenosis of stomach,,,Gastroenterology
K316    Fistula of stomach and duodenum,,,Gastroenterology
K317    Polyp of stomach and duodenum,,,Gastroenterology
K31811  Angiodysplasia of stomach and duodenum with bleeding,,,Gastroenterology
K31819  Angiodysplasia of stomach and duodenum without bleeding,,,Gastroenterology
K3182   Dieulafoy lesion (hemorrhagic) of stomach and duodenum,,,Gastroenterology
K3189   Other diseases of stomach and duodenum,,,Gastroenterology
"K319    Disease of stomach and duodenum, unspecified",,,Gastroenterology
K5000   Crohn's disease of small intestine without complications,,,Gastroenterology
K50011  Crohn's disease of small intestine with rectal bleeding,,,Gastroenterology
K50012  Crohn's disease of small intestine with intestinal obstruction,,,Gastroenterology
K50013  Crohn's disease of small intestine with fistula,,,Gastroenterology
K50014  Crohn's disease of small intestine with abscess,,,Gastroenterology
K50018  Crohn's disease of small intestine with other complication,,,Gastroenterology
K50019  Crohn's disease of small intestine with unspecified complications,,,Gastroenterology
K5010   Crohn's disease of large intestine without complications,,,Gastroenterology
K50111  Crohn's disease of large intestine with rectal bleeding,,,Gastroenterology
K50112  Crohn's disease of large intestine with intestinal obstruction,,,Gastroenterology
K50113  Crohn's disease of large intestine with fistula,,,Gastroenterology
K50114  Crohn's disease of large intestine with abscess,,,Gastroenterology
K50118  Crohn's disease of large intestine with other complication,,,Gastroenterology
K50119  Crohn's disease of large intestine with unspecified complications,,,Gastroenterology
K5080   Crohn's disease of both small and large intestine without complications,,,Gastroenterology
K50811  Crohn's disease of both small and large intestine with rectal bleeding,,,Gastroenterology
K50812  Crohn's disease of both small and large intestine with intestinal obstruction,,,Gastroenterology
K50813  Crohn's disease of both small and large intestine with fistula,,,Gastroenterology
K50814  Crohn's disease of both small and large intestine with abscess,,,Gastroenterology
K50818  Crohn's disease of both small and large intestine with other complication,,,Gastroenterology
K50819  Crohn's disease of both small and large intestine with unspecified complications,,,Gastroenterology
K5140   Inflammatory polyps of colon without complications,,,Gastroenterology
K51411  Inflammatory polyps of colon with rectal bleeding,,,Gastroenterology
K51412  Inflammatory polyps of colon with intestinal obstruction,,,Gastroenterology
K51413  Inflammatory polyps of colon with fistula,,,Gastroenterology
K51414  Inflammatory polyps of colon with abscess,,,Gastroenterology
K51418  Inflammatory polyps of colon with other complication,,,Gastroenterology
K51419  Inflammatory polyps of colon with unspecified complications,,,Gastroenterology
K5281   Eosinophilic gastritis or gastroenteritis,,,Gastroenterology
K55011  Focal (segmental) acute (reversible) ischemia of small intestine,,,Gastroenterology
K55012  Diffuse acute (reversible) ischemia of small intestine,,,Gastroenterology
"K55019  Acute (reversible) ischemia of small intestine, extent unspecified",,,Gastroenterology
K55021  Focal (segmental) acute infarction of small intestine,,,Gastroenterology
K55022  Diffuse acute infarction of small intestine,,,Gastroenterology
"K55029  Acute infarction of small intestine, extent unspecified",,,Gastroenterology
K55031  Focal (segmental) acute (reversible) ischemia of large intestine,,,Gastroenterology
K55032  Diffuse acute (reversible) ischemia of large intestine,,,Gastroenterology
"K55039  Acute (reversible) ischemia of large intestine, extent unspecified",,,Gastroenterology
K55041  Focal (segmental) acute infarction of large intestine,,,Gastroenterology
K55042  Diffuse acute infarction of large intestine,,,Gastroenterology
"K55049  Acute infarction of large intestine, extent unspecified",,,Gastroenterology
"K55051  Focal (segmental) acute (reversible) ischemia of intestine, part unspecified",,,Gastroenterology
"K55052  Diffuse acute (reversible) ischemia of intestine, part unspecified",,,Gastroenterology
"K55059  Acute (reversible) ischemia of intestine, part and extent unspecified",,,Gastroenterology
"K55061  Focal (segmental) acute infarction of intestine, part unspecified",,,Gastroenterology
"K55062  Diffuse acute infarction of intestine, part unspecified",,,Gastroenterology
"K55069  Acute infarction of intestine, part and extent unspecified",,,Gastroenterology
K551    Chronic vascular disorders of intestine,,,Gastroenterology
K5520   Angiodysplasia of colon without hemorrhage,,,Gastroenterology
K5521   Angiodysplasia of colon with hemorrhage,,,Gastroenterology
K558    Other vascular disorders of intestine,,,Gastroenterology
"K559    Vascular disorder of intestine, unspecified",,,Gastroenterology
K5649   Other impaction of intestine,,,Gastroenterology
K5700   Diverticulitis of small intestine with perforation and abscess without bleeding,,,Gastroenterology
K5701   Diverticulitis of small intestine with perforation and abscess with bleeding,,,Gastroenterology
K5710   Diverticulosis of small intestine without perforation or abscess without bleeding,,,Gastroenterology
K5711   Diverticulosis of small intestine without perforation or abscess with bleeding,,,Gastroenterology
K5712   Diverticulitis of small intestine without perforation or abscess without bleeding,,,Gastroenterology
K5713   Diverticulitis of small intestine without perforation or abscess with bleeding,,,Gastroenterology
K5720   Diverticulitis of large intestine with perforation and abscess without bleeding,,,Gastroenterology
K5721   Diverticulitis of large intestine with perforation and abscess with bleeding,,,Gastroenterology
K5730   Diverticulosis of large intestine without perforation or abscess without bleeding,,,Gastroenterology
K5731   Diverticulosis of large intestine without perforation or abscess with bleeding,,,Gastroenterology
K5732   Diverticulitis of large intestine without perforation or abscess without bleeding,,,Gastroenterology
K5733   Diverticulitis of large intestine without perforation or abscess with bleeding,,,Gastroenterology
K5740   Diverticulitis of both small and large intestine with perforation and abscess without bleeding,,,Gastroenterology
K5741   Diverticulitis of both small and large intestine with perforation and abscess with bleeding,,,Gastroenterology
K5750   Diverticulosis of both small and large intestine without perforation or abscess without bleeding,,,Gastroenterology
K5751   Diverticulosis of both small and large intestine without perforation or abscess with bleeding,,,Gastroenterology
K5752   Diverticulitis of both small and large intestine without perforation or abscess without bleeding,,,Gastroenterology
K5753   Diverticulitis of both small and large intestine without perforation or abscess with bleeding,,,Gastroenterology
"K5780   Diverticulitis of intestine, part unspecified, with perforation and abscess without bleeding",,,Gastroenterology
"K5781   Diverticulitis of intestine, part unspecified, with perforation and abscess with bleeding",,,Gastroenterology
"K5790   Diverticulosis of intestine, part unspecified, without perforation or abscess without bleeding",,,Gastroenterology
"K5791   Diverticulosis of intestine, part unspecified, without perforation or abscess with bleeding",,,Gastroenterology
"K5792   Diverticulitis of intestine, part unspecified, without perforation or abscess without bleeding",,,Gastroenterology
"K5793   Diverticulitis of intestine, part unspecified, without perforation or abscess with bleeding",,,Gastroenterology
K580    Irritable bowel syndrome with diarrhea,,,Gastroenterology
K581    Irritable bowel syndrome with constipation,,,Gastroenterology
K582    Mixed irritable bowel syndrome,,,Gastroenterology
K588    Other irritable bowel syndrome,,,Gastroenterology
K589    Irritable bowel syndrome without diarrhea,,,Gastroenterology
"K592    Neurogenic bowel, not elsewhere classified",,,Gastroenterology
K626    Ulcer of anus and rectum,,,Gastroenterology
K630    Abscess of intestine,,,Gastroenterology
K631    Perforation of intestine (nontraumatic),,,Gastroenterology
K632    Fistula of intestine,,,Gastroenterology
K633    Ulcer of intestine,,,Gastroenterology
K635    Polyp of colon,,,Gastroenterology
K6381   Dieulafoy lesion of intestine,,,Gastroenterology
K6389   Other specified diseases of intestine,,,Gastroenterology
"K639    Disease of intestine, unspecified",,,Gastroenterology
K700    Alcoholic fatty liver,,,Gastroenterology
K7010   Alcoholic hepatitis without ascites,,,Gastroenterology
K7011   Alcoholic hepatitis with ascites,,,Gastroenterology
K702    Alcoholic fibrosis and sclerosis of liver,,,Gastroenterology
K7030   Alcoholic cirrhosis of liver without ascites,,,Gastroenterology
K7031   Alcoholic cirrhosis of liver with ascites,,,Gastroenterology
"K709    Alcoholic liver disease, unspecified",,,Gastroenterology
K710    Toxic liver disease with cholestasis,,,Gastroenterology
"K7110   Toxic liver disease with hepatic necrosis, without coma",,,Gastroenterology
"K7111   Toxic liver disease with hepatic necrosis, with coma",,,Gastroenterology
K712    Toxic liver disease with acute hepatitis,,,Gastroenterology
K713    Toxic liver disease with chronic persistent hepatitis,,,Gastroenterology
K714    Toxic liver disease with chronic lobular hepatitis,,,Gastroenterology
K7150   Toxic liver disease with chronic active hepatitis without ascites,,,Gastroenterology
K7151   Toxic liver disease with chronic active hepatitis with ascites,,,Gastroenterology
"K716    Toxic liver disease with hepatitis, not elsewhere classified",,,Gastroenterology
K717    Toxic liver disease with fibrosis and cirrhosis of liver,,,Gastroenterology
K718    Toxic liver disease with other disorders of liver,,,Gastroenterology
"K719    Toxic liver disease, unspecified",,,Gastroenterology
"K730    Chronic persistent hepatitis, not elsewhere classified",,,Gastroenterology
"K731    Chronic lobular hepatitis, not elsewhere classified",,,Gastroenterology
"K732    Chronic active hepatitis, not elsewhere classified",,,Gastroenterology
"K738    Other chronic hepatitis, not elsewhere classified",,,Gastroenterology
"K739    Chronic hepatitis, unspecified",,,Gastroenterology
K743    Primary biliary cirrhosis,,,Gastroenterology
K744    Secondary biliary cirrhosis,,,Gastroenterology
"K745    Biliary cirrhosis, unspecified",,,Gastroenterology
K7460   Unspecified cirrhosis of liver,,,Gastroenterology
K7469   Other cirrhosis of liver,,,Gastroenterology
K750    Abscess of liver,,,Gastroenterology
K752    Nonspecific reactive hepatitis,,,Gastroenterology
"K753    Granulomatous hepatitis, not elsewhere classified",,,Gastroenterology
K754    Autoimmune hepatitis,,,Gastroenterology
K7589   Other specified inflammatory liver diseases,,,Gastroenterology
"K759    Inflammatory liver disease, unspecified",,,Gastroenterology
"K760    Fatty (change of) liver, not elsewhere classified",,,Gastroenterology
K761    Chronic passive congestion of liver,,,Gastroenterology
K762    Central hemorrhagic necrosis of liver,,,Gastroenterology
K763    Infarction of liver,,,Gastroenterology
K7689   Other specified diseases of liver,,,Gastroenterology
"K769    Liver disease, unspecified",,,Gastroenterology
K77     Liver disorders in diseases classified elsewhere,,,Gastroenterology
K8000   Calculus of gallbladder with acute cholecystitis without obstruction,,,Gastroenterology
K8001   Calculus of gallbladder with acute cholecystitis with obstruction,,,Gastroenterology
K8010   Calculus of gallbladder with chronic cholecystitis without obstruction,,,Gastroenterology
K8011   Calculus of gallbladder with chronic cholecystitis with obstruction,,,Gastroenterology
K8012   Calculus of gallbladder with acute and chronic cholecystitis without obstruction,,,Gastroenterology
K8013   Calculus of gallbladder with acute and chronic cholecystitis with obstruction,,,Gastroenterology
K8018   Calculus of gallbladder with other cholecystitis without obstruction,,,Gastroenterology
K8019   Calculus of gallbladder with other cholecystitis with obstruction,,,Gastroenterology
K8020   Calculus of gallbladder without cholecystitis without obstruction,,,Gastroenterology
K8021   Calculus of gallbladder without cholecystitis with obstruction,,,Gastroenterology
"K8060   Calculus of gallbladder and bile duct with cholecystitis, unspecified, without obstruction",,,Gastroenterology
"K8061   Calculus of gallbladder and bile duct with cholecystitis, unspecified, with obstruction",,,Gastroenterology
K8062   Calculus of gallbladder and bile duct with acute cholecystitis without obstruction,,,Gastroenterology
K8063   Calculus of gallbladder and bile duct with acute cholecystitis with obstruction,,,Gastroenterology
K8064   Calculus of gallbladder and bile duct with chronic cholecystitis without obstruction,,,Gastroenterology
K8065   Calculus of gallbladder and bile duct with chronic cholecystitis with obstruction,,,Gastroenterology
K8066   Calculus of gallbladder and bile duct with acute and chronic cholecystitis without obstruction,,,Gastroenterology
K8067   Calculus of gallbladder and bile duct with acute and chronic cholecystitis with obstruction,,,Gastroenterology
K8070   Calculus of gallbladder and bile duct without cholecystitis without obstruction,,,Gastroenterology
K8071   Calculus of gallbladder and bile duct without cholecystitis with obstruction,,,Gastroenterology
K820    Obstruction of gallbladder,,,Gastroenterology
K821    Hydrops of gallbladder,,,Gastroenterology
K822    Perforation of gallbladder,,,Gastroenterology
K823    Fistula of gallbladder,,,Gastroenterology
K824    Cholesterolosis of gallbladder,,,Gastroenterology
K828    Other specified diseases of gallbladder,,,Gastroenterology
"K829    Disease of gallbladder, unspecified",,,Gastroenterology
K862    Cyst of pancreas,,,Gastroenterology
K863    Pseudocyst of pancreas,,,Gastroenterology
K8689   Other specified diseases of pancreas,,,Gastroenterology
"K869    Disease of pancreas, unspecified",,,Gastroenterology
"K87     Disorders of gallbladder, biliary tract and pancreas in diseases classified elsewhere",,,Gastroenterology
"L89000  Pressure ulcer of unspecified elbow, unstageable",,,Gastroenterology
"L89001  Pressure ulcer of unspecified elbow, stage 1",,,Gastroenterology
"L89002  Pressure ulcer of unspecified elbow, stage 2",,,Gastroenterology
"L89003  Pressure ulcer of unspecified elbow, stage 3",,,Gastroenterology
"L89004  Pressure ulcer of unspecified elbow, stage 4",,,Gastroenterology
"L89009  Pressure ulcer of unspecified elbow, unspecified stage",,,Gastroenterology
"L89010  Pressure ulcer of right elbow, unstageable",,,Gastroenterology
"L89011  Pressure ulcer of right elbow, stage 1",,,Gastroenterology
"L89012  Pressure ulcer of right elbow, stage 2",,,Gastroenterology
"L89013  Pressure ulcer of right elbow, stage 3",,,Gastroenterology
"L89014  Pressure ulcer of right elbow, stage 4",,,Gastroenterology
"L89019  Pressure ulcer of right elbow, unspecified stage",,,Gastroenterology
"L89020  Pressure ulcer of left elbow, unstageable",,,Gastroenterology
"L89021  Pressure ulcer of left elbow, stage 1",,,Gastroenterology
"L89022  Pressure ulcer of left elbow, stage 2",,,Gastroenterology
"L89023  Pressure ulcer of left elbow, stage 3",,,Gastroenterology
"L89024  Pressure ulcer of left elbow, stage 4",,,Gastroenterology
"L89029  Pressure ulcer of left elbow, unspecified stage",,,Gastroenterology
"L89100  Pressure ulcer of unspecified part of back, unstageable",,,Gastroenterology
"L89101  Pressure ulcer of unspecified part of back, stage 1",,,Gastroenterology
"L89102  Pressure ulcer of unspecified part of back, stage 2",,,Gastroenterology
"L89103  Pressure ulcer of unspecified part of back, stage 3",,,Gastroenterology
"L89104  Pressure ulcer of unspecified part of back, stage 4",,,Gastroenterology
"L89109  Pressure ulcer of unspecified part of back, unspecified stage",,,Gastroenterology
"L89110  Pressure ulcer of right upper back, unstageable",,,Gastroenterology
"L89111  Pressure ulcer of right upper back, stage 1",,,Gastroenterology
"L89112  Pressure ulcer of right upper back, stage 2",,,Gastroenterology
"L89113  Pressure ulcer of right upper back, stage 3",,,Gastroenterology
"L89114  Pressure ulcer of right upper back, stage 4",,,Gastroenterology
"L89119  Pressure ulcer of right upper back, unspecified stage",,,Gastroenterology
"L89120  Pressure ulcer of left upper back, unstageable",,,Gastroenterology
"L89121  Pressure ulcer of left upper back, stage 1",,,Gastroenterology
"L89122  Pressure ulcer of left upper back, stage 2",,,Gastroenterology
"L89123  Pressure ulcer of left upper back, stage 3",,,Gastroenterology
"L89124  Pressure ulcer of left upper back, stage 4",,,Gastroenterology
"L89129  Pressure ulcer of left upper back, unspecified stage",,,Gastroenterology
"L89130  Pressure ulcer of right lower back, unstageable",,,Gastroenterology
"L89131  Pressure ulcer of right lower back, stage 1",,,Gastroenterology
"L89132  Pressure ulcer of right lower back, stage 2",,,Gastroenterology
"L89133  Pressure ulcer of right lower back, stage 3",,,Gastroenterology
"L89134  Pressure ulcer of right lower back, stage 4",,,Gastroenterology
"L89139  Pressure ulcer of right lower back, unspecified stage",,,Gastroenterology
"L89140  Pressure ulcer of left lower back, unstageable",,,Gastroenterology
"L89141  Pressure ulcer of left lower back, stage 1",,,Gastroenterology
"L89142  Pressure ulcer of left lower back, stage 2",,,Gastroenterology
"L89143  Pressure ulcer of left lower back, stage 3",,,Gastroenterology
"L89144  Pressure ulcer of left lower back, stage 4",,,Gastroenterology
"L89149  Pressure ulcer of left lower back, unspecified stage",,,Gastroenterology
"L89150  Pressure ulcer of sacral region, unstageable",,,Gastroenterology
"L89151  Pressure ulcer of sacral region, stage 1",,,Gastroenterology
"L89152  Pressure ulcer of sacral region, stage 2",,,Gastroenterology
"L89153  Pressure ulcer of sacral region, stage 3",,,Gastroenterology
"L89154  Pressure ulcer of sacral region, stage 4",,,Gastroenterology
"L89159  Pressure ulcer of sacral region, unspecified stage",,,Gastroenterology
"L89200  Pressure ulcer of unspecified hip, unstageable",,,Gastroenterology
"L89201  Pressure ulcer of unspecified hip, stage 1",,,Gastroenterology
"L89202  Pressure ulcer of unspecified hip, stage 2",,,Gastroenterology
"L89203  Pressure ulcer of unspecified hip, stage 3",,,Gastroenterology
"L89204  Pressure ulcer of unspecified hip, stage 4",,,Gastroenterology
"L89209  Pressure ulcer of unspecified hip, unspecified stage",,,Gastroenterology
"L89210  Pressure ulcer of right hip, unstageable",,,Gastroenterology
"L89211  Pressure ulcer of right hip, stage 1",,,Gastroenterology
"L89212  Pressure ulcer of right hip, stage 2",,,Gastroenterology
"L89213  Pressure ulcer of right hip, stage 3",,,Gastroenterology
"L89214  Pressure ulcer of right hip, stage 4",,,Gastroenterology
"L89219  Pressure ulcer of right hip, unspecified stage",,,Gastroenterology
"L89220  Pressure ulcer of left hip, unstageable",,,Gastroenterology
"L89221  Pressure ulcer of left hip, stage 1",,,Gastroenterology
"L89222  Pressure ulcer of left hip, stage 2",,,Gastroenterology
"L89223  Pressure ulcer of left hip, stage 3",,,Gastroenterology
"L89224  Pressure ulcer of left hip, stage 4",,,Gastroenterology
"L89229  Pressure ulcer of left hip, unspecified stage",,,Gastroenterology
"L89300  Pressure ulcer of unspecified buttock, unstageable",,,Gastroenterology
"L89301  Pressure ulcer of unspecified buttock, stage 1",,,Gastroenterology
"L89302  Pressure ulcer of unspecified buttock, stage 2",,,Gastroenterology
"L89303  Pressure ulcer of unspecified buttock, stage 3",,,Gastroenterology
"L89304  Pressure ulcer of unspecified buttock, stage 4",,,Gastroenterology
"L89309  Pressure ulcer of unspecified buttock, unspecified stage",,,Gastroenterology
"L89310  Pressure ulcer of right buttock, unstageable",,,Gastroenterology
"L89311  Pressure ulcer of right buttock, stage 1",,,Gastroenterology
"L89312  Pressure ulcer of right buttock, stage 2",,,Gastroenterology
"L89313  Pressure ulcer of right buttock, stage 3",,,Gastroenterology
"L89314  Pressure ulcer of right buttock, stage 4",,,Gastroenterology
"L89319  Pressure ulcer of right buttock, unspecified stage",,,Gastroenterology
"L89320  Pressure ulcer of left buttock, unstageable",,,Gastroenterology
"L89321  Pressure ulcer of left buttock, stage 1",,,Gastroenterology
"L89322  Pressure ulcer of left buttock, stage 2",,,Gastroenterology
"L89323  Pressure ulcer of left buttock, stage 3",,,Gastroenterology
"L89324  Pressure ulcer of left buttock, stage 4",,,Gastroenterology
"L89329  Pressure ulcer of left buttock, unspecified stage",,,Gastroenterology
"L8940   Pressure ulcer of contiguous site of back, buttock and hip, unspecified stage",,,Gastroenterology
"L8941   Pressure ulcer of contiguous site of back, buttock and hip, stage 1",,,Gastroenterology
"L8942   Pressure ulcer of contiguous site of back, buttock and hip, stage 2",,,Gastroenterology
"L8943   Pressure ulcer of contiguous site of back, buttock and hip, stage 3",,,Gastroenterology
"L8944   Pressure ulcer of contiguous site of back, buttock and hip, stage 4",,,Gastroenterology
"L8945   Pressure ulcer of contiguous site of back, buttock and hip, unstageable",,,Gastroenterology
"L89500  Pressure ulcer of unspecified ankle, unstageable",,,Gastroenterology
"L89501  Pressure ulcer of unspecified ankle, stage 1",,,Gastroenterology
"L89502  Pressure ulcer of unspecified ankle, stage 2",,,Gastroenterology
"L89503  Pressure ulcer of unspecified ankle, stage 3",,,Gastroenterology
"L89504  Pressure ulcer of unspecified ankle, stage 4",,,Gastroenterology
"L89509  Pressure ulcer of unspecified ankle, unspecified stage",,,Gastroenterology
"L89510  Pressure ulcer of right ankle, unstageable",,,Gastroenterology
"L89511  Pressure ulcer of right ankle, stage 1",,,Gastroenterology
"L89512  Pressure ulcer of right ankle, stage 2",,,Gastroenterology
"L89513  Pressure ulcer of right ankle, stage 3",,,Gastroenterology
"L89514  Pressure ulcer of right ankle, stage 4",,,Gastroenterology
"L89519  Pressure ulcer of right ankle, unspecified stage",,,Gastroenterology
"L89520  Pressure ulcer of left ankle, unstageable",,,Gastroenterology
"L89521  Pressure ulcer of left ankle, stage 1",,,Gastroenterology
"L89522  Pressure ulcer of left ankle, stage 2",,,Gastroenterology
"L89523  Pressure ulcer of left ankle, stage 3",,,Gastroenterology
"L89524  Pressure ulcer of left ankle, stage 4",,,Gastroenterology
"L89529  Pressure ulcer of left ankle, unspecified stage",,,Gastroenterology
"L89600  Pressure ulcer of unspecified heel, unstageable",,,Gastroenterology
"L89601  Pressure ulcer of unspecified heel, stage 1",,,Gastroenterology
"L89602  Pressure ulcer of unspecified heel, stage 2",,,Gastroenterology
"L89603  Pressure ulcer of unspecified heel, stage 3",,,Gastroenterology
"L89604  Pressure ulcer of unspecified heel, stage 4",,,Gastroenterology
"L89609  Pressure ulcer of unspecified heel, unspecified stage",,,Gastroenterology
"L89610  Pressure ulcer of right heel, unstageable",,,Gastroenterology
"L89611  Pressure ulcer of right heel, stage 1",,,Gastroenterology
"L89612  Pressure ulcer of right heel, stage 2",,,Gastroenterology
"L89613  Pressure ulcer of right heel, stage 3",,,Gastroenterology
"L89614  Pressure ulcer of right heel, stage 4",,,Gastroenterology
"L89619  Pressure ulcer of right heel, unspecified stage",,,Gastroenterology
"L89620  Pressure ulcer of left heel, unstageable",,,Gastroenterology
"L89621  Pressure ulcer of left heel, stage 1",,,Gastroenterology
"L89622  Pressure ulcer of left heel, stage 2",,,Gastroenterology
"L89623  Pressure ulcer of left heel, stage 3",,,Gastroenterology
"L89624  Pressure ulcer of left heel, stage 4",,,Gastroenterology
"L89629  Pressure ulcer of left heel, unspecified stage",,,Gastroenterology
"L89810  Pressure ulcer of head, unstageable",,,Gastroenterology
"L89811  Pressure ulcer of head, stage 1",,,Gastroenterology
"L89812  Pressure ulcer of head, stage 2",,,Gastroenterology
"L89813  Pressure ulcer of head, stage 3",,,Gastroenterology
"L89814  Pressure ulcer of head, stage 4",,,Gastroenterology
"L89819  Pressure ulcer of head, unspecified stage",,,Gastroenterology
"L89890  Pressure ulcer of other site, unstageable",,,Gastroenterology
"L89891  Pressure ulcer of other site, stage 1",,,Gastroenterology
"L89892  Pressure ulcer of other site, stage 2",,,Gastroenterology
"L89893  Pressure ulcer of other site, stage 3",,,Gastroenterology
"L89894  Pressure ulcer of other site, stage 4",,,Gastroenterology
"L89899  Pressure ulcer of other site, unspecified stage",,,Gastroenterology
"L8990   Pressure ulcer of unspecified site, unspecified stage",,,Gastroenterology
"L8991   Pressure ulcer of unspecified site, stage 1",,,Gastroenterology
"L8992   Pressure ulcer of unspecified site, stage 2",,,Gastroenterology
"L8993   Pressure ulcer of unspecified site, stage 3",,,Gastroenterology
"L8994   Pressure ulcer of unspecified site, stage 4",,,Gastroenterology
"L8995   Pressure ulcer of unspecified site, unstageable",,,Gastroenterology
L97101  Non-pressure chronic ulcer of unspecified thigh limited to breakdown of skin,,,Gastroenterology
L97102  Non-pressure chronic ulcer of unspecified thigh with fat layer exposed,,,Gastroenterology
L97103  Non-pressure chronic ulcer of unspecified thigh with necrosis of muscle,,,Gastroenterology
L97104  Non-pressure chronic ulcer of unspecified thigh with necrosis of bone,,,Gastroenterology
L97109  Non-pressure chronic ulcer of unspecified thigh with unspecified severity,,,Gastroenterology
L97111  Non-pressure chronic ulcer of right thigh limited to breakdown of skin,,,Gastroenterology
L97112  Non-pressure chronic ulcer of right thigh with fat layer exposed,,,Gastroenterology
L97113  Non-pressure chronic ulcer of right thigh with necrosis of muscle,,,Gastroenterology
L97114  Non-pressure chronic ulcer of right thigh with necrosis of bone,,,Gastroenterology
L97119  Non-pressure chronic ulcer of right thigh with unspecified severity,,,Gastroenterology
L97121  Non-pressure chronic ulcer of left thigh limited to breakdown of skin,,,Gastroenterology
L97122  Non-pressure chronic ulcer of left thigh with fat layer exposed,,,Gastroenterology
L97123  Non-pressure chronic ulcer of left thigh with necrosis of muscle,,,Gastroenterology
L97124  Non-pressure chronic ulcer of left thigh with necrosis of bone,,,Gastroenterology
L97129  Non-pressure chronic ulcer of left thigh with unspecified severity,,,Gastroenterology
L97201  Non-pressure chronic ulcer of unspecified calf limited to breakdown of skin,,,Gastroenterology
L97202  Non-pressure chronic ulcer of unspecified calf with fat layer exposed,,,Gastroenterology
L97203  Non-pressure chronic ulcer of unspecified calf with necrosis of muscle,,,Gastroenterology
L97204  Non-pressure chronic ulcer of unspecified calf with necrosis of bone,,,Gastroenterology
L97209  Non-pressure chronic ulcer of unspecified calf with unspecified severity,,,Gastroenterology
L97211  Non-pressure chronic ulcer of right calf limited to breakdown of skin,,,Gastroenterology
L97212  Non-pressure chronic ulcer of right calf with fat layer exposed,,,Gastroenterology
L97213  Non-pressure chronic ulcer of right calf with necrosis of muscle,,,Gastroenterology
L97214  Non-pressure chronic ulcer of right calf with necrosis of bone,,,Gastroenterology
L97219  Non-pressure chronic ulcer of right calf with unspecified severity,,,Gastroenterology
L97221  Non-pressure chronic ulcer of left calf limited to breakdown of skin,,,Gastroenterology
L97222  Non-pressure chronic ulcer of left calf with fat layer exposed,,,Gastroenterology
L97223  Non-pressure chronic ulcer of left calf with necrosis of muscle,,,Gastroenterology
L97224  Non-pressure chronic ulcer of left calf with necrosis of bone,,,Gastroenterology
L97229  Non-pressure chronic ulcer of left calf with unspecified severity,,,Gastroenterology
L97301  Non-pressure chronic ulcer of unspecified ankle limited to breakdown of skin,,,Gastroenterology
L97302  Non-pressure chronic ulcer of unspecified ankle with fat layer exposed,,,Gastroenterology
L97303  Non-pressure chronic ulcer of unspecified ankle with necrosis of muscle,,,Gastroenterology
L97304  Non-pressure chronic ulcer of unspecified ankle with necrosis of bone,,,Gastroenterology
L97309  Non-pressure chronic ulcer of unspecified ankle with unspecified severity,,,Gastroenterology
L97311  Non-pressure chronic ulcer of right ankle limited to breakdown of skin,,,Gastroenterology
L97312  Non-pressure chronic ulcer of right ankle with fat layer exposed,,,Gastroenterology
L97313  Non-pressure chronic ulcer of right ankle with necrosis of muscle,,,Gastroenterology
L97314  Non-pressure chronic ulcer of right ankle with necrosis of bone,,,Gastroenterology
L97319  Non-pressure chronic ulcer of right ankle with unspecified severity,,,Gastroenterology
L97321  Non-pressure chronic ulcer of left ankle limited to breakdown of skin,,,Gastroenterology
L97322  Non-pressure chronic ulcer of left ankle with fat layer exposed,,,Gastroenterology
L97323  Non-pressure chronic ulcer of left ankle with necrosis of muscle,,,Gastroenterology
L97324  Non-pressure chronic ulcer of left ankle with necrosis of bone,,,Gastroenterology
L97329  Non-pressure chronic ulcer of left ankle with unspecified severity,,,Gastroenterology
L97401  Non-pressure chronic ulcer of unspecified heel and midfoot limited to breakdown of skin,,,Gastroenterology
L97402  Non-pressure chronic ulcer of unspecified heel and midfoot with fat layer exposed,,,Gastroenterology
L97403  Non-pressure chronic ulcer of unspecified heel and midfoot with necrosis of muscle,,,Gastroenterology
L97404  Non-pressure chronic ulcer of unspecified heel and midfoot with necrosis of bone,,,Gastroenterology
L97409  Non-pressure chronic ulcer of unspecified heel and midfoot with unspecified severity,,,Gastroenterology
L97411  Non-pressure chronic ulcer of right heel and midfoot limited to breakdown of skin,,,Gastroenterology
L97412  Non-pressure chronic ulcer of right heel and midfoot with fat layer exposed,,,Gastroenterology
L97413  Non-pressure chronic ulcer of right heel and midfoot with necrosis of muscle,,,Gastroenterology
L97414  Non-pressure chronic ulcer of right heel and midfoot with necrosis of bone,,,Gastroenterology
L97419  Non-pressure chronic ulcer of right heel and midfoot with unspecified severity,,,Gastroenterology
L97421  Non-pressure chronic ulcer of left heel and midfoot limited to breakdown of skin,,,Gastroenterology
L97422  Non-pressure chronic ulcer of left heel and midfoot with fat layer exposed,,,Gastroenterology
L97423  Non-pressure chronic ulcer of left heel and midfoot with necrosis of muscle,,,Gastroenterology
L97424  Non-pressure chronic ulcer of left heel and midfoot with necrosis of bone,,,Gastroenterology
L97429  Non-pressure chronic ulcer of left heel and midfoot with unspecified severity,,,Gastroenterology
L97501  Non-pressure chronic ulcer of other part of unspecified foot limited to breakdown of skin,,,Gastroenterology
L97502  Non-pressure chronic ulcer of other part of unspecified foot with fat layer exposed,,,Gastroenterology
L97503  Non-pressure chronic ulcer of other part of unspecified foot with necrosis of muscle,,,Gastroenterology
L97504  Non-pressure chronic ulcer of other part of unspecified foot with necrosis of bone,,,Gastroenterology
L97509  Non-pressure chronic ulcer of other part of unspecified foot with unspecified severity,,,Gastroenterology
L97511  Non-pressure chronic ulcer of other part of right foot limited to breakdown of skin,,,Gastroenterology
L97512  Non-pressure chronic ulcer of other part of right foot with fat layer exposed,,,Gastroenterology
L97513  Non-pressure chronic ulcer of other part of right foot with necrosis of muscle,,,Gastroenterology
L97514  Non-pressure chronic ulcer of other part of right foot with necrosis of bone,,,Gastroenterology
L97519  Non-pressure chronic ulcer of other part of right foot with unspecified severity,,,Gastroenterology
L97521  Non-pressure chronic ulcer of other part of left foot limited to breakdown of skin,,,Gastroenterology
L97522  Non-pressure chronic ulcer of other part of left foot with fat layer exposed,,,Gastroenterology
L97523  Non-pressure chronic ulcer of other part of left foot with necrosis of muscle,,,Gastroenterology
L97524  Non-pressure chronic ulcer of other part of left foot with necrosis of bone,,,Gastroenterology
L97529  Non-pressure chronic ulcer of other part of left foot with unspecified severity,,,Gastroenterology
L97801  Non-pressure chronic ulcer of other part of unspecified lower leg limited to breakdown of skin,,,Gastroenterology
L97802  Non-pressure chronic ulcer of other part of unspecified lower leg with fat layer exposed,,,Gastroenterology
L97803  Non-pressure chronic ulcer of other part of unspecified lower leg with necrosis of muscle,,,Gastroenterology
L97804  Non-pressure chronic ulcer of other part of unspecified lower leg with necrosis of bone,,,Gastroenterology
L97809  Non-pressure chronic ulcer of other part of unspecified lower leg with unspecified severity,,,Gastroenterology
L97811  Non-pressure chronic ulcer of other part of right lower leg limited to breakdown of skin,,,Gastroenterology
L97812  Non-pressure chronic ulcer of other part of right lower leg with fat layer exposed,,,Gastroenterology
L97813  Non-pressure chronic ulcer of other part of right lower leg with necrosis of muscle,,,Gastroenterology
L97814  Non-pressure chronic ulcer of other part of right lower leg with necrosis of bone,,,Gastroenterology
L97819  Non-pressure chronic ulcer of other part of right lower leg with unspecified severity,,,Gastroenterology
L97821  Non-pressure chronic ulcer of other part of left lower leg limited to breakdown of skin,,,Gastroenterology
L97822  Non-pressure chronic ulcer of other part of left lower leg with fat layer exposed,,,Gastroenterology
L97823  Non-pressure chronic ulcer of other part of left lower leg with necrosis of muscle,,,Gastroenterology
L97824  Non-pressure chronic ulcer of other part of left lower leg with necrosis of bone,,,Gastroenterology
L97829  Non-pressure chronic ulcer of other part of left lower leg with unspecified severity,,,Gastroenterology
"L97901  Non-pressure chronic ulcer of unspecified part of unspecified lower leg limited to breakdown of
skin",,,Gastroenterology
L97902  Non-pressure chronic ulcer of unspecified part of unspecified lower leg with fat layer exposed,,,Gastroenterology
L97903  Non-pressure chronic ulcer of unspecified part of unspecified lower leg with necrosis of muscle,,,Gastroenterology
L97904  Non-pressure chronic ulcer of unspecified part of unspecified lower leg with necrosis of bone,,,Gastroenterology
"L97909  Non-pressure chronic ulcer of unspecified part of unspecified lower leg with unspecified
severity",,,Gastroenterology
L97911  Non-pressure chronic ulcer of unspecified part of right lower leg limited to breakdown of skin,,,Gastroenterology
L97912  Non-pressure chronic ulcer of unspecified part of right lower leg with fat layer exposed,,,Gastroenterology
L97913  Non-pressure chronic ulcer of unspecified part of right lower leg with necrosis of muscle,,,Gastroenterology
L97914  Non-pressure chronic ulcer of unspecified part of right lower leg with necrosis of bone,,,Gastroenterology
L97919  Non-pressure chronic ulcer of unspecified part of right lower leg with unspecified severity,,,Gastroenterology
L97921  Non-pressure chronic ulcer of unspecified part of left lower leg limited to breakdown of skin,,,Gastroenterology
L97922  Non-pressure chronic ulcer of unspecified part of left lower leg with fat layer exposed,,,Gastroenterology
L97923  Non-pressure chronic ulcer of unspecified part of left lower leg with necrosis of muscle,,,Gastroenterology
L97924  Non-pressure chronic ulcer of unspecified part of left lower leg with necrosis of bone,,,Gastroenterology
L97929  Non-pressure chronic ulcer of unspecified part of left lower leg with unspecified severity,,,Gastroenterology
L98411  Non-pressure chronic ulcer of buttock limited to breakdown of skin,,,Gastroenterology
L98412  Non-pressure chronic ulcer of buttock with fat layer exposed,,,Gastroenterology
L98413  Non-pressure chronic ulcer of buttock with necrosis of muscle,,,Gastroenterology
L98414  Non-pressure chronic ulcer of buttock with necrosis of bone,,,Gastroenterology
L98419  Non-pressure chronic ulcer of buttock with unspecified severity,,,Gastroenterology
L98421  Non-pressure chronic ulcer of back limited to breakdown of skin,,,Gastroenterology
L98422  Non-pressure chronic ulcer of back with fat layer exposed,,,Gastroenterology
L98423  Non-pressure chronic ulcer of back with necrosis of muscle,,,Gastroenterology
L98424  Non-pressure chronic ulcer of back with necrosis of bone,,,Gastroenterology
L98429  Non-pressure chronic ulcer of back with unspecified severity,,,Gastroenterology
L98491  Non-pressure chronic ulcer of skin of other sites limited to breakdown of skin,,,Gastroenterology
L98492  Non-pressure chronic ulcer of skin of other sites with fat layer exposed,,,Gastroenterology
L98493  Non-pressure chronic ulcer of skin of other sites with necrosis of muscle,,,Gastroenterology
L98494  Non-pressure chronic ulcer of skin of other sites with necrosis of bone,,,Gastroenterology
L98499  Non-pressure chronic ulcer of skin of other sites with unspecified severity,,,Gastroenterology
N485    Ulcer of penis,,,Gastroenterology
N822    Fistula of vagina to small intestine,,,Gastroenterology
N823    Fistula of vagina to large intestine,,,Gastroenterology
O2662   Liver and biliary tract disorders in childbirth,,,Gastroenterology
O2663   Liver and biliary tract disorders in the puerperium,,,Gastroenterology
O9842   Viral hepatitis complicating childbirth,,,Gastroenterology
O9843   Viral hepatitis complicating the puerperium,,,Gastroenterology
P150    Birth injury to liver,,,Gastroenterology
P353    Congenital viral hepatitis,,,Gastroenterology
P7881   Congenital cirrhosis (of liver),,,Gastroenterology
P7882   Peptic ulcer of newborn,,,Gastroenterology
Q402    Other specified congenital malformations of stomach,,,Gastroenterology
"Q403    Congenital malformation of stomach, unspecified",,,Gastroenterology
"Q418    Congenital absence, atresia and stenosis of other specified parts of small intestine",,,Gastroenterology
"Q419    Congenital absence, atresia and stenosis of small intestine, part unspecified",,,Gastroenterology
"Q428    Congenital absence, atresia and stenosis of other parts of large intestine",,,Gastroenterology
"Q429    Congenital absence, atresia and stenosis of large intestine, part unspecified",,,Gastroenterology
Q432    Other congenital functional disorders of colon,,,Gastroenterology
Q434    Duplication of intestine,,,Gastroenterology
Q438    Other specified congenital malformations of intestine,,,Gastroenterology
"Q439    Congenital malformation of intestine, unspecified",,,Gastroenterology
"Q440    Agenesis, aplasia and hypoplasia of gallbladder",,,Gastroenterology
Q441    Other congenital malformations of gallbladder,,,Gastroenterology
Q446    Cystic disease of liver,,,Gastroenterology
Q447    Other congenital malformations of liver,,,Gastroenterology
"Q450    Agenesis, aplasia and hypoplasia of pancreas",,,Gastroenterology
Q451    Annular pancreas,,,Gastroenterology
Q453    Other congenital malformations of pancreas and pancreatic duct,,,Gastroenterology
R1911   Absent bowel sounds,,,Gastroenterology
R1912   Hyperactive bowel sounds,,,Gastroenterology
R1915   Other abnormal bowel sounds,,,Gastroenterology
R194    Change in bowel habit,,,Gastroenterology
R932    Abnormal findings on diagnostic imaging of liver and biliary tract,,,Gastroenterology
R945    Abnormal results of liver function studies,,,Gastroenterology
"S36112A Contusion of liver, initial encounter",,,Gastroenterology
"S36112D Contusion of liver, subsequent encounter",,,Gastroenterology
"S36112S Contusion of liver, sequela",,,Gastroenterology
"S36113A Laceration of liver, unspecified degree, initial encounter",,,Gastroenterology
"S36113D Laceration of liver, unspecified degree, subsequent encounter",,,Gastroenterology
"S36113S Laceration of liver, unspecified degree, sequela",,,Gastroenterology
"S36114A Minor laceration of liver, initial encounter",,,Gastroenterology
"S36114D Minor laceration of liver, subsequent encounter",,,Gastroenterology
"S36114S Minor laceration of liver, sequela",,,Gastroenterology
"S36115A Moderate laceration of liver, initial encounter",,,Gastroenterology
"S36115D Moderate laceration of liver, subsequent encounter",,,Gastroenterology
"S36115S Moderate laceration of liver, sequela",,,Gastroenterology
"S36116A Major laceration of liver, initial encounter",,,Gastroenterology
"S36116D Major laceration of liver, subsequent encounter",,,Gastroenterology
"S36116S Major laceration of liver, sequela",,,Gastroenterology
"S36118A Other injury of liver, initial encounter",,,Gastroenterology
"S36118D Other injury of liver, subsequent encounter",,,Gastroenterology
"S36118S Other injury of liver, sequela",,,Gastroenterology
"S36119A Unspecified injury of liver, initial encounter",,,Gastroenterology
"S36119D Unspecified injury of liver, subsequent encounter",,,Gastroenterology
"S36119S Unspecified injury of liver, sequela",,,Gastroenterology
"S36122A Contusion of gallbladder, initial encounter",,,Gastroenterology
"S36122D Contusion of gallbladder, subsequent encounter",,,Gastroenterology
"S36122S Contusion of gallbladder, sequela",,,Gastroenterology
"S36123A Laceration of gallbladder, initial encounter",,,Gastroenterology
"S36123D Laceration of gallbladder, subsequent encounter",,,Gastroenterology
"S36123S Laceration of gallbladder, sequela",,,Gastroenterology
"S36128A Other injury of gallbladder, initial encounter",,,Gastroenterology
"S36128D Other injury of gallbladder, subsequent encounter",,,Gastroenterology
"S36128S Other injury of gallbladder, sequela",,,Gastroenterology
"S36129A Unspecified injury of gallbladder, initial encounter",,,Gastroenterology
"S36129D Unspecified injury of gallbladder, subsequent encounter",,,Gastroenterology
"S36129S Unspecified injury of gallbladder, sequela",,,Gastroenterology
"S36200A Unspecified injury of head of pancreas, initial encounter",,,Gastroenterology
"S36200D Unspecified injury of head of pancreas, subsequent encounter",,,Gastroenterology
"S36200S Unspecified injury of head of pancreas, sequela",,,Gastroenterology
"S36201A Unspecified injury of body of pancreas, initial encounter",,,Gastroenterology
"S36201D Unspecified injury of body of pancreas, subsequent encounter",,,Gastroenterology
"S36201S Unspecified injury of body of pancreas, sequela",,,Gastroenterology
"S36202A Unspecified injury of tail of pancreas, initial encounter",,,Gastroenterology
"S36202D Unspecified injury of tail of pancreas, subsequent encounter",,,Gastroenterology
"S36202S Unspecified injury of tail of pancreas, sequela",,,Gastroenterology
"S36209A Unspecified injury of unspecified part of pancreas, initial encounter",,,Gastroenterology
"S36209D Unspecified injury of unspecified part of pancreas, subsequent encounter",,,Gastroenterology
"S36209S Unspecified injury of unspecified part of pancreas, sequela",,,Gastroenterology
"S36220A Contusion of head of pancreas, initial encounter",,,Gastroenterology
"S36220D Contusion of head of pancreas, subsequent encounter",,,Gastroenterology
"S36220S Contusion of head of pancreas, sequela",,,Gastroenterology
"S36221A Contusion of body of pancreas, initial encounter",,,Gastroenterology
"S36221D Contusion of body of pancreas, subsequent encounter",,,Gastroenterology
"S36221S Contusion of body of pancreas, sequela",,,Gastroenterology
"S36222A Contusion of tail of pancreas, initial encounter",,,Gastroenterology
"S36222D Contusion of tail of pancreas, subsequent encounter",,,Gastroenterology
"S36222S Contusion of tail of pancreas, sequela",,,Gastroenterology
"S36229A Contusion of unspecified part of pancreas, initial encounter",,,Gastroenterology
"S36229D Contusion of unspecified part of pancreas, subsequent encounter",,,Gastroenterology
"S36229S Contusion of unspecified part of pancreas, sequela",,,Gastroenterology
"S36230A Laceration of head of pancreas, unspecified degree, initial encounter",,,Gastroenterology
"S36230D Laceration of head of pancreas, unspecified degree, subsequent encounter",,,Gastroenterology
"S36230S Laceration of head of pancreas, unspecified degree, sequela",,,Gastroenterology
"S36231A Laceration of body of pancreas, unspecified degree, initial encounter",,,Gastroenterology
"S36231D Laceration of body of pancreas, unspecified degree, subsequent encounter",,,Gastroenterology
"S36231S Laceration of body of pancreas, unspecified degree, sequela",,,Gastroenterology
"S36232A Laceration of tail of pancreas, unspecified degree, initial encounter",,,Gastroenterology
"S36232D Laceration of tail of pancreas, unspecified degree, subsequent encounter",,,Gastroenterology
"S36232S Laceration of tail of pancreas, unspecified degree, sequela",,,Gastroenterology
"S36239A Laceration of unspecified part of pancreas, unspecified degree, initial encounter",,,Gastroenterology
"S36239D Laceration of unspecified part of pancreas, unspecified degree, subsequent encounter",,,Gastroenterology
"S36239S Laceration of unspecified part of pancreas, unspecified degree, sequela",,,Gastroenterology
"S36240A Minor laceration of head of pancreas, initial encounter",,,Gastroenterology
"S36240D Minor laceration of head of pancreas, subsequent encounter",,,Gastroenterology
"S36240S Minor laceration of head of pancreas, sequela",,,Gastroenterology
"S36241A Minor laceration of body of pancreas, initial encounter",,,Gastroenterology
"S36241D Minor laceration of body of pancreas, subsequent encounter",,,Gastroenterology
"S36241S Minor laceration of body of pancreas, sequela",,,Gastroenterology
"S36242A Minor laceration of tail of pancreas, initial encounter",,,Gastroenterology
"S36242D Minor laceration of tail of pancreas, subsequent encounter",,,Gastroenterology
"S36242S Minor laceration of tail of pancreas, sequela",,,Gastroenterology
"S36249A Minor laceration of unspecified part of pancreas, initial encounter",,,Gastroenterology
"S36249D Minor laceration of unspecified part of pancreas, subsequent encounter",,,Gastroenterology
"S36249S Minor laceration of unspecified part of pancreas, sequela",,,Gastroenterology
"S36250A Moderate laceration of head of pancreas, initial encounter",,,Gastroenterology
"S36250D Moderate laceration of head of pancreas, subsequent encounter",,,Gastroenterology
"S36250S Moderate laceration of head of pancreas, sequela",,,Gastroenterology
"S36251A Moderate laceration of body of pancreas, initial encounter",,,Gastroenterology
"S36251D Moderate laceration of body of pancreas, subsequent encounter",,,Gastroenterology
"S36251S Moderate laceration of body of pancreas, sequela",,,Gastroenterology
"S36252A Moderate laceration of tail of pancreas, initial encounter",,,Gastroenterology
"S36252D Moderate laceration of tail of pancreas, subsequent encounter",,,Gastroenterology
"S36252S Moderate laceration of tail of pancreas, sequela",,,Gastroenterology
"S36259A Moderate laceration of unspecified part of pancreas, initial encounter",,,Gastroenterology
"S36259D Moderate laceration of unspecified part of pancreas, subsequent encounter",,,Gastroenterology
"S36259S Moderate laceration of unspecified part of pancreas, sequela",,,Gastroenterology
"S36260A Major laceration of head of pancreas, initial encounter",,,Gastroenterology
"S36260D Major laceration of head of pancreas, subsequent encounter",,,Gastroenterology
"S36260S Major laceration of head of pancreas, sequela",,,Gastroenterology
"S36261A Major laceration of body of pancreas, initial encounter",,,Gastroenterology
"S36261D Major laceration of body of pancreas, subsequent encounter",,,Gastroenterology
"S36261S Major laceration of body of pancreas, sequela",,,Gastroenterology
"S36262A Major laceration of tail of pancreas, initial encounter",,,Gastroenterology
"S36262D Major laceration of tail of pancreas, subsequent encounter",,,Gastroenterology
"S36262S Major laceration of tail of pancreas, sequela",,,Gastroenterology
"S36269A Major laceration of unspecified part of pancreas, initial encounter",,,Gastroenterology
"S36269D Major laceration of unspecified part of pancreas, subsequent encounter",,,Gastroenterology
"S36269S Major laceration of unspecified part of pancreas, sequela",,,Gastroenterology
"S36290A Other injury of head of pancreas, initial encounter",,,Gastroenterology
"S36290D Other injury of head of pancreas, subsequent encounter",,,Gastroenterology
"S36290S Other injury of head of pancreas, sequela",,,Gastroenterology
"S36291A Other injury of body of pancreas, initial encounter",,,Gastroenterology
"S36291D Other injury of body of pancreas, subsequent encounter",,,Gastroenterology
"S36291S Other injury of body of pancreas, sequela",,,Gastroenterology
"S36292A Other injury of tail of pancreas, initial encounter",,,Gastroenterology
"S36292D Other injury of tail of pancreas, subsequent encounter",,,Gastroenterology
"S36292S Other injury of tail of pancreas, sequela",,,Gastroenterology
"S36299A Other injury of unspecified part of pancreas, initial encounter",,,Gastroenterology
"S36299D Other injury of unspecified part of pancreas, subsequent encounter",,,Gastroenterology
"S36299S Other injury of unspecified part of pancreas, sequela",,,Gastroenterology
"S3630XA Unspecified injury of stomach, initial encounter",,,Gastroenterology
"S3630XD Unspecified injury of stomach, subsequent encounter",,,Gastroenterology
"S3630XS Unspecified injury of stomach, sequela",,,Gastroenterology
"S3632XA Contusion of stomach, initial encounter",,,Gastroenterology
"S3632XD Contusion of stomach, subsequent encounter",,,Gastroenterology
"S3632XS Contusion of stomach, sequela",,,Gastroenterology
"S3633XA Laceration of stomach, initial encounter",,,Gastroenterology
"S3633XD Laceration of stomach, subsequent encounter",,,Gastroenterology
"S3633XS Laceration of stomach, sequela",,,Gastroenterology
"S3639XA Other injury of stomach, initial encounter",,,Gastroenterology
"S3639XD Other injury of stomach, subsequent encounter",,,Gastroenterology
"S3639XS Other injury of stomach, sequela",,,Gastroenterology
"S36408A Unspecified injury of other part of small intestine, initial encounter",,,Gastroenterology
"S36408D Unspecified injury of other part of small intestine, subsequent encounter",,,Gastroenterology
"S36408S Unspecified injury of other part of small intestine, sequela",,,Gastroenterology
"S36409A Unspecified injury of unspecified part of small intestine, initial encounter",,,Gastroenterology
"S36409D Unspecified injury of unspecified part of small intestine, subsequent encounter",,,Gastroenterology
"S36409S Unspecified injury of unspecified part of small intestine, sequela",,,Gastroenterology
"S36418A Primary blast injury of other part of small intestine, initial encounter",,,Gastroenterology
"S36418D Primary blast injury of other part of small intestine, subsequent encounter",,,Gastroenterology
"S36418S Primary blast injury of other part of small intestine, sequela",,,Gastroenterology
"S36419A Primary blast injury of unspecified part of small intestine, initial encounter",,,Gastroenterology
"S36419D Primary blast injury of unspecified part of small intestine, subsequent encounter",,,Gastroenterology
"S36419S Primary blast injury of unspecified part of small intestine, sequela",,,Gastroenterology
"S36428A Contusion of other part of small intestine, initial encounter",,,Gastroenterology
"S36428D Contusion of other part of small intestine, subsequent encounter",,,Gastroenterology
"S36428S Contusion of other part of small intestine, sequela",,,Gastroenterology
"S36429A Contusion of unspecified part of small intestine, initial encounter",,,Gastroenterology
"S36429D Contusion of unspecified part of small intestine, subsequent encounter",,,Gastroenterology
"S36429S Contusion of unspecified part of small intestine, sequela",,,Gastroenterology
"S36438A Laceration of other part of small intestine, initial encounter",,,Gastroenterology
"S36438D Laceration of other part of small intestine, subsequent encounter",,,Gastroenterology
"S36438S Laceration of other part of small intestine, sequela",,,Gastroenterology
"S36439A Laceration of unspecified part of small intestine, initial encounter",,,Gastroenterology
"S36439D Laceration of unspecified part of small intestine, subsequent encounter",,,Gastroenterology
"S36439S Laceration of unspecified part of small intestine, sequela",,,Gastroenterology
"S36498A Other injury of other part of small intestine, initial encounter",,,Gastroenterology
"S36498D Other injury of other part of small intestine, subsequent encounter",,,Gastroenterology
"S36498S Other injury of other part of small intestine, sequela",,,Gastroenterology
"S36499A Other injury of unspecified part of small intestine, initial encounter",,,Gastroenterology
"S36499D Other injury of unspecified part of small intestine, subsequent encounter",,,Gastroenterology
"S36499S Other injury of unspecified part of small intestine, sequela",,,Gastroenterology
"S36500A Unspecified injury of ascending [right] colon, initial encounter",,,Gastroenterology
"S36500D Unspecified injury of ascending [right] colon, subsequent encounter",,,Gastroenterology
"S36500S Unspecified injury of ascending [right] colon, sequela",,,Gastroenterology
"S36501A Unspecified injury of transverse colon, initial encounter",,,Gastroenterology
"S36501D Unspecified injury of transverse colon, subsequent encounter",,,Gastroenterology
"S36501S Unspecified injury of transverse colon, sequela",,,Gastroenterology
"S36502A Unspecified injury of descending [left] colon, initial encounter",,,Gastroenterology
"S36502D Unspecified injury of descending [left] colon, subsequent encounter",,,Gastroenterology
"S36502S Unspecified injury of descending [left] colon, sequela",,,Gastroenterology
"S36503A Unspecified injury of sigmoid colon, initial encounter",,,Gastroenterology
"S36503D Unspecified injury of sigmoid colon, subsequent encounter",,,Gastroenterology
"S36503S Unspecified injury of sigmoid colon, sequela",,,Gastroenterology
"S36508A Unspecified injury of other part of colon, initial encounter",,,Gastroenterology
"S36508D Unspecified injury of other part of colon, subsequent encounter",,,Gastroenterology
"S36508S Unspecified injury of other part of colon, sequela",,,Gastroenterology
"S36509A Unspecified injury of unspecified part of colon, initial encounter",,,Gastroenterology
"S36509D Unspecified injury of unspecified part of colon, subsequent encounter",,,Gastroenterology
"S36509S Unspecified injury of unspecified part of colon, sequela",,,Gastroenterology
"S36510A Primary blast injury of ascending [right] colon, initial encounter",,,Gastroenterology
"S36510D Primary blast injury of ascending [right] colon, subsequent encounter",,,Gastroenterology
"S36510S Primary blast injury of ascending [right] colon, sequela",,,Gastroenterology
"S36511A Primary blast injury of transverse colon, initial encounter",,,Gastroenterology
"S36511D Primary blast injury of transverse colon, subsequent encounter",,,Gastroenterology
"S36511S Primary blast injury of transverse colon, sequela",,,Gastroenterology
"S36512A Primary blast injury of descending [left] colon, initial encounter",,,Gastroenterology
"S36512D Primary blast injury of descending [left] colon, subsequent encounter",,,Gastroenterology
"S36512S Primary blast injury of descending [left] colon, sequela",,,Gastroenterology
"S36513A Primary blast injury of sigmoid colon, initial encounter",,,Gastroenterology
"S36513D Primary blast injury of sigmoid colon, subsequent encounter",,,Gastroenterology
"S36513S Primary blast injury of sigmoid colon, sequela",,,Gastroenterology
"S36518A Primary blast injury of other part of colon, initial encounter",,,Gastroenterology
"S36518D Primary blast injury of other part of colon, subsequent encounter",,,Gastroenterology
"S36518S Primary blast injury of other part of colon, sequela",,,Gastroenterology
"S36519A Primary blast injury of unspecified part of colon, initial encounter",,,Gastroenterology
"S36519D Primary blast injury of unspecified part of colon, subsequent encounter",,,Gastroenterology
"S36519S Primary blast injury of unspecified part of colon, sequela",,,Gastroenterology
"S36520A Contusion of ascending [right] colon, initial encounter",,,Gastroenterology
"S36520D Contusion of ascending [right] colon, subsequent encounter",,,Gastroenterology
"S36520S Contusion of ascending [right] colon, sequela",,,Gastroenterology
"S36521A Contusion of transverse colon, initial encounter",,,Gastroenterology
"S36521D Contusion of transverse colon, subsequent encounter",,,Gastroenterology
"S36521S Contusion of transverse colon, sequela",,,Gastroenterology
"S36522A Contusion of descending [left] colon, initial encounter",,,Gastroenterology
"S36522D Contusion of descending [left] colon, subsequent encounter",,,Gastroenterology
"S36522S Contusion of descending [left] colon, sequela",,,Gastroenterology
"S36523A Contusion of sigmoid colon, initial encounter",,,Gastroenterology
"S36523D Contusion of sigmoid colon, subsequent encounter",,,Gastroenterology
"S36523S Contusion of sigmoid colon, sequela",,,Gastroenterology
"S36528A Contusion of other part of colon, initial encounter",,,Gastroenterology
"S36528D Contusion of other part of colon, subsequent encounter",,,Gastroenterology
"S36528S Contusion of other part of colon, sequela",,,Gastroenterology
"S36529A Contusion of unspecified part of colon, initial encounter",,,Gastroenterology
"S36529D Contusion of unspecified part of colon, subsequent encounter",,,Gastroenterology
"S36529S Contusion of unspecified part of colon, sequela",,,Gastroenterology
"S36530A Laceration of ascending [right] colon, initial encounter",,,Gastroenterology
"S36530D Laceration of ascending [right] colon, subsequent encounter",,,Gastroenterology
"S36530S Laceration of ascending [right] colon, sequela",,,Gastroenterology
"S36531A Laceration of transverse colon, initial encounter",,,Gastroenterology
"S36531D Laceration of transverse colon, subsequent encounter",,,Gastroenterology
"S36531S Laceration of transverse colon, sequela",,,Gastroenterology
"S36532A Laceration of descending [left] colon, initial encounter",,,Gastroenterology
"S36532D Laceration of descending [left] colon, subsequent encounter",,,Gastroenterology
"S36532S Laceration of descending [left] colon, sequela",,,Gastroenterology
"S36533A Laceration of sigmoid colon, initial encounter",,,Gastroenterology
"S36533D Laceration of sigmoid colon, subsequent encounter",,,Gastroenterology
"S36533S Laceration of sigmoid colon, sequela",,,Gastroenterology
"S36538A Laceration of other part of colon, initial encounter",,,Gastroenterology
"S36538D Laceration of other part of colon, subsequent encounter",,,Gastroenterology
"S36538S Laceration of other part of colon, sequela",,,Gastroenterology
"S36539A Laceration of unspecified part of colon, initial encounter",,,Gastroenterology
"S36539D Laceration of unspecified part of colon, subsequent encounter",,,Gastroenterology
"S36539S Laceration of unspecified part of colon, sequela",,,Gastroenterology
"S36590A Other injury of ascending [right] colon, initial encounter",,,Gastroenterology
"S36590D Other injury of ascending [right] colon, subsequent encounter",,,Gastroenterology
"S36590S Other injury of ascending [right] colon, sequela",,,Gastroenterology
"S36591A Other injury of transverse colon, initial encounter",,,Gastroenterology
"S36591D Other injury of transverse colon, subsequent encounter",,,Gastroenterology
"S36591S Other injury of transverse colon, sequela",,,Gastroenterology
"S36592A Other injury of descending [left] colon, initial encounter",,,Gastroenterology
"S36592D Other injury of descending [left] colon, subsequent encounter",,,Gastroenterology
"S36592S Other injury of descending [left] colon, sequela",,,Gastroenterology
"S36593A Other injury of sigmoid colon, initial encounter",,,Gastroenterology
"S36593D Other injury of sigmoid colon, subsequent encounter",,,Gastroenterology
"S36593S Other injury of sigmoid colon, sequela",,,Gastroenterology
"S36598A Other injury of other part of colon, initial encounter",,,Gastroenterology
"S36598D Other injury of other part of colon, subsequent encounter",,,Gastroenterology
"S36598S Other injury of other part of colon, sequela",,,Gastroenterology
"S36599A Other injury of unspecified part of colon, initial encounter",,,Gastroenterology
"S36599D Other injury of unspecified part of colon, subsequent encounter",,,Gastroenterology
"S36599S Other injury of unspecified part of colon, sequela",,,Gastroenterology
"T182XXA Foreign body in stomach, initial encounter",,,Gastroenterology
"T182XXD Foreign body in stomach, subsequent encounter",,,Gastroenterology
"T182XXS Foreign body in stomach, sequela",,,Gastroenterology
"T183XXA Foreign body in small intestine, initial encounter",,,Gastroenterology
"T183XXD Foreign body in small intestine, subsequent encounter",,,Gastroenterology
"T183XXS Foreign body in small intestine, sequela",,,Gastroenterology
"T184XXA Foreign body in colon, initial encounter",,,Gastroenterology
"T184XXD Foreign body in colon, subsequent encounter",,,Gastroenterology
"T184XXS Foreign body in colon, sequela",,,Gastroenterology
T8640   Unspecified complication of liver transplant,,,Gastroenterology
T8641   Liver transplant rejection,,,Gastroenterology
T8642   Liver transplant failure,,,Gastroenterology
T8643   Liver transplant infection,,,Gastroenterology
T8649   Other complications of liver transplant,,,Gastroenterology
T86850  Intestine transplant rejection,,,Gastroenterology
T86851  Intestine transplant failure,,,Gastroenterology
T86852  Intestine transplant infection,,,Gastroenterology
T86858  Other complications of intestine transplant,,,Gastroenterology
T86859  Unspecified complication of intestine transplant,,,Gastroenterology
Z120    Encounter for screening for malignant neoplasm of stomach,,,Gastroenterology
Z1211   Encounter for screening for malignant neoplasm of colon,,,Gastroenterology
Z1213   Encounter for screening for malignant neoplasm of small intestine,,,Gastroenterology
Z205    Contact with and (suspected) exposure to viral hepatitis,,,Gastroenterology
Z4823   Encounter for aftercare following liver transplant,,,Gastroenterology
Z526    Liver donor,,,Gastroenterology
Z85020  Personal history of malignant carcinoid tumor of stomach,,,Gastroenterology
Z85028  Personal history of other malignant neoplasm of stomach,,,Gastroenterology
Z85030  Personal history of malignant carcinoid tumor of large intestine,,,Gastroenterology
Z85038  Personal history of other malignant neoplasm of large intestine,,,Gastroenterology
Z8505   Personal history of malignant neoplasm of liver,,,Gastroenterology
Z85060  Personal history of malignant carcinoid tumor of small intestine,,,Gastroenterology
Z85068  Personal history of other malignant neoplasm of small intestine,,,Gastroenterology
Z8507   Personal history of malignant neoplasm of pancreas,,,Gastroenterology
Z8631   Personal history of diabetic foot ulcer,,,Gastroenterology
Z8711   Personal history of peptic ulcer disease,,,Gastroenterology
Z903    Acquired absence of stomach [part of],,,Gastroenterology
Z90410  Acquired total absence of pancreas,,,Gastroenterology
Z90411  Acquired partial absence of pancreas,,,Gastroenterology
Z944    Liver transplant status,,,Gastroenterology
Z9482   Intestine transplant status,,,Gastroenterology
Z9483   Pancreas transplant status,,,Gastroenterology
