Patient ID,Patient Name,History,BP,Heart Rate,Gender,Body Part,Selected Symptoms,Given Medicines,Top Diagnoses
1,Muhammad Umer,Healthy,130/70,89,Male,Head & Brain,Headache; Anxiety; Low mood,Agomelatine; Artemether/Lumefantrine; Amlodipine/Valsartan,"Major depressive disorder, Generalized anxiety disorder (some agents), Panic disorder/social anxiety (agent-dependent) (66.67%); Major depressive disorder, Generalized anxiety disorder (some agents), Panic disorder/social anxiety (agent-dependent) (66.67%); Major depressive disorder, Generalized anxiety disorder (some agents), Panic disorder/social anxiety (agent-dependent) (66.67%); Major depressive disorder (selected countries/approved) (66.67%); Hypertension, Cardiovascular risk reduction (specific agents) (33.33%)"
2,Samantha Laurel,Psychotic,120/60,90,Female,Reproductive System,Infertility (anovulation); Oral/vaginal itching,Fluconazole; Letrozole,"Hormone receptor-positive breast cancer (adjuvant/metastatic), Ovulation induction for infertility (off-label/selected use) (50.0%); Candidiasis (vaginal, oral, esophageal), Systemic fungal infections (select indications) (50.0%)"
3,Sara,No history,130/90,60,Female,Stomach & Digestive,Constipation; Abdominal cramps,Nitazoxanide; Polyethylene glycol 3350+Sodium Chloride+Sodium bicarbonate+Potassium chloride; Psyllium Husk,"Constipation, Irritable bowel syndrome with constipation (adjunct) (50.0%); Bowel preparation for colonoscopy, Constipation (osmotic laxative) (50.0%); Giardiasis, Cryptosporidiosis, Other protozoal infections (50.0%)"
4,Shahid Ashfaq,Healthy,120/60,89,Male,Muscles & Bones,Bone pain (chronic); Muscle stiffness; Joint pain (if IA),Baclofen; Calcium + Vitamin D3 + Vitamin K; Ossein Mineral Complex+Vitamin D,"Spasticity due to multiple sclerosis, Spinal cord injury-related spasticity (33.33%); Osteoporosis prevention/treatment adjunct, Calcium/vitamin D deficiency (33.33%); Dry eye syndrome (ophthalmic), Osteoarthritis (intra-articular formulation) (33.33%); Osteoporosis prevention/treatment adjunct, Calcium/vitamin D deficiency (33.33%); Osteoporosis prevention/treatment adjunct, Calcium/vitamin D deficiency (33.33%)"
5,test,A lot of problems,130/60,88,Male,Head & Brain,Headache; Poor sleep,"Amlodipine/Valsartan; Amlodipine/Valsartan/Hydrochlorothiazide; Artemether/Lumefantrine; Artesunate; Dihydroartimesanin/Piperaquine Phosphat; Mirtazapine
Mirtazapine
Mirtazapine
Mirtazapine
Mirtazapine; Nebivolol Hydrochloride; Nebivolol+Hydrochlorothiazide; Nebivolol+Valsartan; Telmisartan; Telmisartan/Amlodipine; Telmisartan/Hydrochlorothiazide; Valsartan/Hydrochlorothiazide","Uncomplicated malaria, Plasmodium falciparum infection, Malaria in chloroquine-resistant areas (50.0%); Hypertension, Cardiovascular risk reduction (specific agents) (50.0%); Hypertension, Cardiovascular risk reduction (specific agents) (50.0%); Hypertension, Cardiovascular risk reduction (specific agents) (50.0%); Uncomplicated malaria, Plasmodium falciparum infection, Malaria in chloroquine-resistant areas (50.0%)"
6,Shmail,,125/89,120,Female,Stomach & Digestive,Epigastric pain,Dexlansoprazole; Omeprazole; Omeprazole/Sodium Bicarbonate; Vonoprazan,"Gastroesophageal reflux disease (GERD), Gastric ulcer, Duodenal ulcer, Erosive esophagitis (100.0%); Gastroesophageal reflux disease (GERD), Gastric ulcer, Duodenal ulcer, Erosive esophagitis (100.0%); Gastroesophageal reflux disease (GERD), Gastric ulcer, Duodenal ulcer, Erosive esophagitis (100.0%); Gastroesophageal reflux disease (GERD), Gastric ulcer, Duodenal ulcer, Erosive esophagitis (100.0%); Gastroesophageal reflux disease (GERD), Gastric ulcer, Duodenal ulcer, Erosive esophagitis (100.0%)"
7,Sabra haji,,117/62,79,Female,Stomach & Digestive,Diarrhea,Nitazoxanide; Racecadotril,"Giardiasis, Cryptosporidiosis, Other protozoal infections (100.0%); Acute infectious diarrhea (symptomatic relief in children and adults) (100.0%); Acute infectious diarrhea (symptomatic relief in children and adults) (100.0%)"
